adult,belongs_to_collection,budget,genres,homepage,id,imdb_id,original_language,original_title,overview,popularity,poster_path,production_companies,production_countries,release_date,revenue,runtime,spoken_languages,status,tagline,title,video,vote_average,vote_count
False,,18000000,"[{'id': 14, 'name': 'Fantasy'}, {'id': 878, 'name': 'Science Fiction'}, {'id': 12, 'name': 'Adventure'}]",,902,tt0112682,fr,La Cité des Enfants Perdus,"A scientist in a surrealist society kidnaps children to steal their dreams, hoping that they slow his aging process.",9.822423,/eVo6ewq4akfyJYy3GXkMsLNzEJc.jpg,"[{'name': 'Procirep', 'id': 311}, {'name': 'Constellation Productions', 'id': 590}, {'name': 'France 3 Cinéma', 'id': 591}, {'name': 'Claudie Ossard Productions', 'id': 592}, {'name': 'Eurimages', 'id': 850}, {'name': 'MEDIA Programme of the European Union', 'id': 851}, {'name': 'Cofimage 5', 'id': 1871}, {'name': 'Televisión Española (TVE)', 'id': 6639}, {'name': 'Tele München Fernseh Produktionsgesellschaft (TMG)', 'id': 7237}, {'name': ""Club d'Investissement Média"", 'id': 8170}, {'name': 'Canal+ España', 'id': 9335}, {'name': 'Elías Querejeta Producciones Cinematográficas S.L.', 'id': 12009}, {'name': 'Centre National de la Cinématographie (CNC)', 'id': 18367}, {'name': 'Victoires Productions', 'id': 25020}, {'name': 'Constellation', 'id': 25021}, {'name': 'Lumière Pictures', 'id': 25129}, {'name': 'Canal+', 'id': 47532}, {'name': 'Studio Image', 'id': 68517}, {'name': 'Cofimage 4', 'id': 79437}, {'name': 'Ossane', 'id': 79438}, {'name': 'Phoenix Images', 'id': 79439}]","[{'iso_3166_1': 'FR', 'name': 'France'}, {'iso_3166_1': 'DE', 'name': 'Germany'}, {'iso_3166_1': 'ES', 'name': 'Spain'}]",1995-05-16,1738611,108.0,"[{'iso_639_1': 'cn', 'name': '广州话 / 廣州話'}, {'iso_639_1': 'fr', 'name': 'Français'}]",Released,Where happily ever after is just a dream.,The City of Lost Children,False,7.6,308
False,,0,"[{'id': 18, 'name': 'Drama'}, {'id': 80, 'name': 'Crime'}]",,37557,tt0115012,zh,摇啊摇，摇到外婆桥,A provincial boy related to a Shanghai crime family is recruited by his uncle into cosmopolitan Shanghai in the 1930s to be a servant to a ganglord's mistress.,1.100915,/qcoOCoN7viOhboGwhYXyApdDuiq.jpg,"[{'name': 'Ministère des Affaires Étrangères', 'id': 2588}, {'name': 'Alpha Films', 'id': 4507}, {'name': 'La Sept Cinéma', 'id': 23647}]","[{'iso_3166_1': 'CN', 'name': 'China'}, {'iso_3166_1': 'FR', 'name': 'France'}]",1995-04-30,0,108.0,"[{'iso_639_1': 'zh', 'name': '普通话'}]",Released,In 1930's Shanghai violence was not the problem. It was the solution.,Shanghai Triad,False,6.5,17
False,,0,"[{'id': 10749, 'name': 'Romance'}, {'id': 12, 'name': 'Adventure'}]",,78802,tt0114952,fr,"Guillaumet, les ailes du courage",,0.745542,/k6ODtR38dKEfuzSGjggr8KDyAF4.jpg,"[{'name': 'Iwerks Entertainment', 'id': 70801}]","[{'iso_3166_1': 'FR', 'name': 'France'}, {'iso_3166_1': 'US', 'name': 'United States of America'}]",1996-09-18,0,50.0,"[{'iso_639_1': 'en', 'name': 'English'}]",Released,,Wings of Courage,False,6.8,4
False,,0,"[{'id': 18, 'name': 'Drama'}, {'id': 10769, 'name': 'Foreign'}]",,49133,tt0110299,it,Lamerica,"Fiore, an Italian conman, arrives in post Communist Albania with Gino, his young apprentice, to set up a shoe factory that will never open. The con requires a native Albanian, so they designate Spiro, an impoverished and confused former political prisoner as chairman of the board. When Fiore returns to Italy to get government funds for the project, Spiro unexpectedly disappears and Gino sets out on a journey to find him. The search leads him to discover Spiro's tragic personal history and witness Albanian poverty firsthand.",1.361286,/407nYlg60AOj95lqDZ4tvUTTm1k.jpg,[],"[{'iso_3166_1': 'IT', 'name': 'Italy'}, {'iso_3166_1': 'FR', 'name': 'France'}, {'iso_3166_1': 'CH', 'name': 'Switzerland'}]",1994-01-01,0,116.0,"[{'iso_639_1': 'sq', 'name': 'shqip'}, {'iso_639_1': 'it', 'name': 'Italiano'}]",Released,,Lamerica,False,7.7,11
False,,0,"[{'id': 35, 'name': 'Comedy'}, {'id': 18, 'name': 'Drama'}, {'id': 10749, 'name': 'Romance'}]",,11010,tt0110877,it,Il postino,Simple Italian postman learns to love poetry while delivering mail to a famous poet,10.168437,/qkq2JfINRQi4Iu9VTMMtQFfmGWZ.jpg,[],"[{'iso_3166_1': 'BE', 'name': 'Belgium'}, {'iso_3166_1': 'FR', 'name': 'France'}, {'iso_3166_1': 'IT', 'name': 'Italy'}]",1994-09-22,0,108.0,"[{'iso_639_1': 'it', 'name': 'Italiano'}, {'iso_639_1': 'es', 'name': 'Español'}]",Released,,The Postman,False,7.6,181
False,,0,"[{'id': 53, 'name': 'Thriller'}, {'id': 18, 'name': 'Drama'}, {'id': 9648, 'name': 'Mystery'}]",,99040,tt0112714,fr,Le confessionnal,"The year is 1952, in Quebec City. Rachel (16), unmarried and pregnant, works in the church. Filled with shame, she unburdens her guilt to a young priest, under the confidentiality of the confessional. In the present year of 1989, Pierre Lamontagne has returned to Quebec to attend his father's funeral. He meets up with his adopted brother, Marc, who has begun questioning his identity and has embarked on a quest for his roots that would lead them to the Quebec of the 1950s. Past and present converge in a complex web of intrigue where the answer to the mystery lies.",0.120789,/8RCRrSAY8e3Qn5p9cNv188ogmZQ.jpg,[],"[{'iso_3166_1': 'CA', 'name': 'Canada'}]",1995-09-29,0,100.0,"[{'iso_639_1': 'en', 'name': 'English'}, {'iso_639_1': 'fr', 'name': 'Français'}]",Released,,The Confessional,False,6.5,2
False,,0,"[{'id': 35, 'name': 'Comedy'}, {'id': 10749, 'name': 'Romance'}]",,4482,tt0113149,fr,Gazon maudit,"After learning of her husband's infidelities, a housewife invites an itinerant lesbian to move in with them. None of their lives will ever be the same again.",2.518051,/dDB8mMKRL28gHsRcGPoMQYrzaXg.jpg,"[{'name': 'Renn Productions', 'id': 82}, {'name': 'Les Films Flam', 'id': 1614}, {'name': 'TF1 Films Production', 'id': 3823}, {'name': 'Canal+', 'id': 5358}]","[{'iso_3166_1': 'FR', 'name': 'France'}]",1995-02-08,0,95.0,"[{'iso_639_1': 'fr', 'name': 'Français'}, {'iso_639_1': 'es', 'name': 'Español'}]",Released,,French Twist,False,6.0,43
False,,0,"[{'id': 18, 'name': 'Drama'}, {'id': 36, 'name': 'History'}]",,48750,tt0113828,fr,Les misérables,"In France during World War II, a poor and illiterate man, Henri Fortin (Jean-Paul Belmondo), is introduced to Victor Hugo's classic novel Les Misérables and begins to see parallels between the book and his own life.",1.479446,/ePJCk8puXx28CtvpSpmezpwfVt8.jpg,"[{'name': 'Les Films 13', 'id': 1742}, {'name': 'Canal+', 'id': 5358}, {'name': 'TF1', 'id': 22123}]","[{'iso_3166_1': 'FR', 'name': 'France'}]",1995-03-22,0,175.0,"[{'iso_639_1': 'fr', 'name': 'Français'}]",Released,"In a time of chaos, in a world of change, he was moved by a book he could not read to become a hero he never imagined.",Les Miserables,False,6.6,8
False,,0,"[{'id': 10751, 'name': 'Family'}, {'id': 18, 'name': 'Drama'}]",,46785,tt0112445,fa,بادکنک سفید,Several people try to take advantage of a little girl's innocence to hustle money her mom gave to her to buy a goldfish with.,1.196256,/96UDOJNgJXHmQMJqA79bKS9PR8i.jpg,"[{'name': 'I.R.I.B. Channel 2', 'id': 38953}, {'name': 'Ferdos Films', 'id': 38954}]","[{'iso_3166_1': 'IR', 'name': 'Iran'}]",1995-01-01,0,85.0,"[{'iso_639_1': 'fa', 'name': 'فارسی'}]",Released,,The White Balloon,False,7.5,20
False,,900000,"[{'id': 18, 'name': 'Drama'}, {'id': 35, 'name': 'Comedy'}]",,880,tt0112379,nl,Antonia,"After World War II, Antonia and her daughter, Danielle, go back to their Dutch hometown, where Antonia's late mother has bestowed a small farm upon her. There, Antonia settles down and joins a tightly-knit but unusual community. Those around her include quirky friend Crooked Finger, would-be suitor Bas and, eventually for Antonia, a granddaughter and great-granddaughter who help create a strong family of empowered women.",2.030174,/bIQp2SJrVXiQttv9hXeqliQox0K.jpg,"[{'name': 'Bergen Film', 'id': 575}, {'name': 'Bard Entertainments', 'id': 576}, {'name': 'NPS Televisie', 'id': 577}]","[{'iso_3166_1': 'NL', 'name': 'Netherlands'}, {'iso_3166_1': 'GB', 'name': 'United Kingdom'}, {'iso_3166_1': 'BE', 'name': 'Belgium'}]",1995-09-12,0,102.0,"[{'iso_639_1': 'nl', 'name': 'Nederlands'}]",Released,A motion picture that celebrates everything you love about life.,Antonia's Line,False,7.2,26
False,,3000000,"[{'id': 18, 'name': 'Drama'}]",,406,tt0113247,fr,La Haine,"Aimlessly whiling away their days in the concrete environs of their dead-end suburbia, Vinz, Hubert, and Said -- a Jew, African, and an Arab -- give human faces to France's immigrant populations, their bristling resentment at their social marginalization slowly simmering until it reaches a climactic boiling point. La Haine means Hate.",12.108196,/jTzBED0leGPwWDqNewye11qzJgd.jpg,"[{'name': 'Egg Pictures', 'id': 802}, {'name': 'PolyGram Filmed Entertainment', 'id': 1382}, {'name': 'Canal+', 'id': 5358}, {'name': 'Les Productions Lazennec', 'id': 5869}, {'name': 'La Sept Cinéma', 'id': 16366}, {'name': 'Kasso Inc. Productions', 'id': 22684}, {'name': 'Studio Image', 'id': 68517}, {'name': 'Cofinergie 6', 'id': 68518}]","[{'iso_3166_1': 'FR', 'name': 'France'}]",1995-05-31,0,98.0,"[{'iso_639_1': 'fr', 'name': 'Français'}]",Released,Three Young Friends... One Last Chance.,La Haine,False,7.9,695
False,,0,"[{'id': 18, 'name': 'Drama'}, {'id': 35, 'name': 'Comedy'}, {'id': 10751, 'name': 'Family'}]",,11907,tt0110251,de,Keiner liebt mich,No overview found.,1.015068,/lnfMQ6K2EgJpn2JZTadnaufiwiR.jpg,[],"[{'iso_3166_1': 'DE', 'name': 'Germany'}]",1994-11-07,0,104.0,"[{'iso_639_1': 'de', 'name': 'Deutsch'}]",Released,,Nobody Loves Me,False,5.1,5
False,,7500000,"[{'id': 80, 'name': 'Crime'}, {'id': 28, 'name': 'Action'}, {'id': 35, 'name': 'Comedy'}, {'id': 53, 'name': 'Thriller'}]",,33542,tt0113326,cn,紅番區,"Keong comes from Hong Kong to visit New York for his uncle's wedding. His uncle runs a market in the Bronx and Keong offers to help out while Uncle is on his honeymoon. During his stay in the Bronx, Keong befriends a neighbor kid and beats up some neighborhood thugs who cause problems at the market. One of those petty thugs in the local gang stumbles into a criminal situation way over his head.",12.314278,/y7AxKPPCtZyrGQKvxzn5zTQ8wFm.jpg,"[{'name': 'New Line Cinema', 'id': 12}, {'name': 'Golden Harvest Company', 'id': 2521}]","[{'iso_3166_1': 'HK', 'name': 'Hong Kong'}]",1995-01-30,32392047,91.0,"[{'iso_639_1': 'cn', 'name': '广州话 / 廣州話'}, {'iso_639_1': 'en', 'name': 'English'}]",Released,No Fear. No Stuntman. No Equal.,Rumble in the Bronx,False,6.5,245
False,,0,"[{'id': 18, 'name': 'Drama'}, {'id': 35, 'name': 'Comedy'}, {'id': 10749, 'name': 'Romance'}]",,11104,tt0109424,cn,重慶森林,"Every day, Cop 223 buys a can of pineapple with an expiration date of May 1, symbolizing the day he'll get over his lost love. He's also got his eye on a mysterious woman in a blond wig, oblivious of the fact she's a drug dealer. Cop 663 is distraught with heartbreak over a breakup. But when his ex drops a spare set of his keys at a local cafe, a waitress lets herself into his apartment and spruces up his life.",6.778979,/yQUjZTzwgskqOJdr3jhwQ4yTkvb.jpg,"[{'name': 'Jet Tone Production', 'id': 540}, {'name': 'The Criterion Collection', 'id': 10932}]","[{'iso_3166_1': 'HK', 'name': 'Hong Kong'}]",1994-07-14,0,102.0,"[{'iso_639_1': 'cn', 'name': '广州话 / 廣州話'}, {'iso_639_1': 'en', 'name': 'English'}, {'iso_639_1': 'ja', 'name': '日本語'}, {'iso_639_1': 'zh', 'name': '普通话'}]",Released,What a difference a day makes,Chungking Express,False,7.9,249
False,,0,"[{'id': 18, 'name': 'Drama'}, {'id': 10749, 'name': 'Romance'}]",,37975,tt0114808,it,L'uomo delle stelle,The adventures and deceptions of a photographer who travels through the small villages of Sicily pretending that he is working for the big film studios in Rome.,1.702639,/zRLV8Gz4x3k4Dc4Zxbmz7jsqNoN.jpg,"[{'name': 'Cecchi Gori Group Tiger Cinematografica', 'id': 371}]","[{'iso_3166_1': 'IT', 'name': 'Italy'}]",1995-09-21,0,113.0,"[{'iso_639_1': 'it', 'name': 'Italiano'}]",Released,"In the golden age of cinema, everyone dreams of becoming a star. One man promises to make all their dreams come true...",The Star Maker,False,6.8,29
False,,0,"[{'id': 18, 'name': 'Drama'}, {'id': 10749, 'name': 'Romance'}, {'id': 10752, 'name': 'War'}]",,73067,tt0113107,it,Frankie Starlight,The quirky story of a young boy's adventures growing up with his stunningly beautiful mother and the two very different men who love her.,0.637554,/1cPX7MWnEYG21tSdEpWlFygZUwY.jpg,"[{'name': 'Fine Line Features', 'id': 8}, {'name': 'Channel Four Films', 'id': 181}, {'name': 'Bórd Scannán na hÉireann', 'id': 1898}, {'name': 'Canal+', 'id': 5358}]","[{'iso_3166_1': 'GB', 'name': 'United Kingdom'}, {'iso_3166_1': 'US', 'name': 'United States of America'}, {'iso_3166_1': 'FR', 'name': 'France'}, {'iso_3166_1': 'IE', 'name': 'Ireland'}]",1995-11-22,0,101.0,"[{'iso_639_1': 'en', 'name': 'English'}]",Released,Sometimes the brightest star is the one that shines within.,Frankie Starlight,False,5.4,4
False,,0,"[{'id': 35, 'name': 'Comedy'}, {'id': 18, 'name': 'Drama'}, {'id': 10749, 'name': 'Romance'}]",,55475,tt0114015,es,Nueba Yol,"Balbuena is a genial illegal immigrant who makes his way to New York City to take a bite out of the Big Apple. But his hopes of finding a better life soon begin to fade as Balbuena encounters one obstacle after another in the hardscrabble, uncaring metropolis.",0.291021,/1VNalbjNQkKejRnHW2XM6SwnCa0.jpg,"[{'name': 'Cigua Films', 'id': 93488}, {'name': ""D'Pelicula"", 'id': 93489}]","[{'iso_3166_1': 'DO', 'name': 'Dominican Republic'}]",1995-08-16,0,102.0,"[{'iso_639_1': 'es', 'name': 'Español'}]",Released,,Nueba Yol,False,5.5,1
False,,0,"[{'id': 18, 'name': 'Drama'}, {'id': 10749, 'name': 'Romance'}]",,649,tt0061395,fr,Belle de jour,"Beautiful young housewife Séverine Serizy cannot reconcile her masochistic fantasies with her everyday life alongside dutiful husband Pierre. When her lovestruck friend Henri mentions a secretive high-class brothel run by Madame Anais, Séverine begins to work there during the day under the name Belle de Jour. But when one of her clients grows possessive, she must try to go back to her normal life.",10.142662,/rHvKWARrhNwSjbTMJrn5v4LtUJE.jpg,"[{'name': 'Paris Films Productions', 'id': 386}, {'name': 'Five Films', 'id': 387}, {'name': 'Robert et Raymond Hakim', 'id': 11290}]","[{'iso_3166_1': 'FR', 'name': 'France'}, {'iso_3166_1': 'IT', 'name': 'Italy'}]",1967-05-24,0,101.0,"[{'iso_639_1': 'fr', 'name': 'Français'}, {'iso_639_1': 'mn', 'name': ''}, {'iso_639_1': 'es', 'name': 'Español'}]",Released,Luis Bunuel's Masterpiece of Erotica!,Belle de Jour,False,7.3,163
False,,0,"[{'id': 18, 'name': 'Drama'}, {'id': 10749, 'name': 'Romance'}]",,5967,tt0058450,fr,Les parapluies de Cherbourg,"This simple romantic tragedy begins in 1957. Guy Foucher, a 20-year-old French auto mechanic, has fallen in love with 17-year-old Geneviève Emery, an employee in her widowed mother's chic but financially embattled umbrella shop. On the evening before Guy is to leave for a two-year tour of combat in Algeria, he and Geneviève make love. She becomes pregnant and must choose between waiting for Guy's return or accepting an offer of marriage from a wealthy diamond merchant.",8.133881,/ju5W8qvWfjXXGaR7wd9wSyuYXhS.jpg,"[{'name': 'Beta Film', 'id': 1080}, {'name': 'Madeleine Films', 'id': 1147}, {'name': 'Parc Film', 'id': 14680}]","[{'iso_3166_1': 'DE', 'name': 'Germany'}, {'iso_3166_1': 'FR', 'name': 'France'}]",1964-02-19,0,91.0,"[{'iso_639_1': 'fr', 'name': 'Français'}]",Released,a film for all the young lovers of the world,The Umbrellas of Cherbourg,False,7.6,119
False,"{'id': 23170, 'name': 'Burnt by the Sun Trilogy', 'poster_path': '/prqpHdXvfzz8uYwGPaHj62XfJ1H.jpg', 'backdrop_path': '/h062iMfHieuKdeujaSZBmdYlgRw.jpg'}",2800000,"[{'id': 18, 'name': 'Drama'}]",,50797,tt0111579,ru,Утомлённые солнцем,"Russia, 1936: revolutionary hero Colonel Kotov is spending an idyllic summer in his dacha with his young wife and six-year-old daughter Nadia and other assorted family and friends. Things change dramatically with the unheralded arrival of Cousin Dmitri from Moscow, who charms the women and little Nadia with his games and pianistic bravura. But Kotov isn't fooled: this is the time of Stalin's repression, with telephone calls in the middle of the night spelling doom - and he knows that Dmitri isn't paying a social call...",2.486073,/e7bE9BiLyKaZtNF3Q2ro8gVCEQA.jpg,"[{'name': 'Canal+', 'id': 5358}, {'name': 'Studio Trite', 'id': 6453}, {'name': 'Caméra One', 'id': 6454}]","[{'iso_3166_1': 'FR', 'name': 'France'}, {'iso_3166_1': 'RU', 'name': 'Russia'}]",1994-05-01,2616503,135.0,"[{'iso_639_1': 'ru', 'name': 'Pусский'}]",Released,A moving and poignant story set against the corrupt politics of the Stalinist era.,Burnt by the Sun,False,6.7,35
False,,0,"[{'id': 80, 'name': 'Crime'}, {'id': 35, 'name': 'Comedy'}, {'id': 14, 'name': 'Fantasy'}]",,62488,tt0112854,it,Destiny Turns on the Radio,"Johnny Destiny burns into Las Vegas in his hot Plymouth RoadRunner, stopping only to pick up a stranger stranded in the desert. But then, things aren't always as they seem. Anything can happen in that town of many possibilities...especially since there's been some weird electrical disturbances. As the stranger, fresh out of prison, tries to put his life back together--to recover his money from an old bank heist and the girl he lost in doing the job--something keeps interfering with his plans. Is it fate...or just Destiny?",0.710671,/9iczUcmMLnOZ4Ltx3X3AEpbxTt4.jpg,"[{'name': 'Savoy Pictures', 'id': 11308}, {'name': 'Rysher Entertainment', 'id': 11661}]","[{'iso_3166_1': 'US', 'name': 'United States of America'}]",1995-04-28,0,0.0,"[{'iso_639_1': 'en', 'name': 'English'}]",Released,Fate visits in ways you never expect,Destiny Turns on the Radio,False,5.3,9
False,,0,"[{'id': 35, 'name': 'Comedy'}, {'id': 18, 'name': 'Drama'}, {'id': 10749, 'name': 'Romance'}]",,10451,tt0111797,zh,飲食男女,"The film tells the story of a retired and widowed Chinese master chef Chu (Si Hung Lung) and his family living in modern day Taipei, Taiwan. At the start of the film, he lives with his three attractive daughters, all of whom are unattached. As the film progresses, each of the daughters encounters new men in their lives. When these new relationships blossom, the stereotypes are broken and the living situation within the family changes.. The film features several scenes displaying the techniques and artistry of gourmet Chinese cooking. Since the family members have difficulty expressing their love for each other, the intricate preparation of banquet quality dishes for their Sunday dinners is the surrogate for their familial feelings.",4.860016,/jGjSu9zlR2I8t6OE54uxSJ7M25p.jpg,"[{'name': 'Ang Lee Productions', 'id': 5528}, {'name': 'Good Machine', 'id': 10565}, {'name': 'Central Motion Pictures', 'id': 25345}]","[{'iso_3166_1': 'TW', 'name': 'Taiwan'}, {'iso_3166_1': 'US', 'name': 'United States of America'}]",1994-08-03,7294403,123.0,"[{'iso_639_1': 'zh', 'name': '普通话'}]",Released,,Eat Drink Man Woman,False,7.5,76
False,,0,"[{'id': 36, 'name': 'History'}, {'id': 18, 'name': 'Drama'}]",,10954,tt0109771,fr,Farinelli,"Farinelli is a 1994 biopic film about the life and career of Italian opera singer Farinelli, considered one of the greatest castrato singers of all time.",8.935058,/mF1PyZIJ2l3B3d2S41LrqjPL5Sc.jpg,"[{'name': 'Italian International Film', 'id': 1429}, {'name': 'Stéphan Films', 'id': 2359}, {'name': 'MG', 'id': 37581}]","[{'iso_3166_1': 'BE', 'name': 'Belgium'}, {'iso_3166_1': 'FR', 'name': 'France'}, {'iso_3166_1': 'IT', 'name': 'Italy'}]",1994-12-07,0,111.0,"[{'iso_639_1': 'fr', 'name': 'Français'}]",Released,Où s'arrête le pouvoir de sa voix?,Farinelli,False,5.9,20
False,,10000000,"[{'id': 80, 'name': 'Crime'}, {'id': 18, 'name': 'Drama'}]",,17961,tt0109731,fr,L'Enfer,"Paul, an irritable and stressed-out hotel manager, begins to gradually develop paranoid delusions about his wife's infidelity...",1.948315,/9ACPvC1XFRta8SXA816C0my32TG.jpg,"[{'name': 'MK2 Productions', 'id': 9209}]","[{'iso_3166_1': 'FR', 'name': 'France'}]",1994-02-16,0,100.0,"[{'iso_639_1': 'fr', 'name': 'Français'}]",Released,,L'Enfer,False,6.6,22
False,,16000000,"[{'id': 53, 'name': 'Thriller'}, {'id': 80, 'name': 'Crime'}, {'id': 18, 'name': 'Drama'}]",,101,tt0110413,fr,Léon,"Leon, the top hit man in New York, has earned a rep as an effective ""cleaner"". But when his next-door neighbors are wiped out by a loose-cannon DEA agent, he becomes the unwilling custodian of 12-year-old Mathilda. Before long, Mathilda's thoughts turn to revenge, and she considers following in Leon's footsteps.",20.477329,/gE8S02QUOhVnAmYu4tcrBlMTujz.jpg,"[{'name': 'Columbia Pictures', 'id': 5}, {'name': 'Gaumont', 'id': 9}]","[{'iso_3166_1': 'FR', 'name': 'France'}, {'iso_3166_1': 'US', 'name': 'United States of America'}]",1994-09-14,45284974,110.0,"[{'iso_639_1': 'en', 'name': 'English'}]",Released,"If you want a job done well, hire a professional.",Leon: The Professional,False,8.2,4293
False,,400000,"[{'id': 35, 'name': 'Comedy'}, {'id': 18, 'name': 'Drama'}]",,25296,tt0105652,zh,Pushing Hands,"The story is about an elderly Chinese tai chi chuan teacher and grandfather who emigrates from Beijing to live with his son, American daughter-in-law, and grandson in a New York City suburb. The grandfather is increasingly distanced from the family as a ""fish out of water"" in Western culture.",1.638622,/vUHVplZlDzSGJuDrxFlBVo1zmem.jpg,"[{'name': 'Ang Lee Productions', 'id': 5528}]","[{'iso_3166_1': 'TW', 'name': 'Taiwan'}]",1992-02-01,152322,105.0,"[{'iso_639_1': 'en', 'name': 'English'}, {'iso_639_1': 'zh', 'name': '普通话'}]",Released,,Pushing Hands,False,6.1,9
False,,0,"[{'id': 18, 'name': 'Drama'}, {'id': 36, 'name': 'History'}]",,10452,tt0110963,fr,La Reine Margot,"The night of August 24, 1572, is known as the Massacre of St. Bartholomew. In France a religious war is raging. In order to impose peace a forced wedding is arranged between Margot de Valois, sister of the immature Catholic King Charles IX, and the Hugenot King Henri of Navarre. Catherine of Medici maintains her behind-the-scenes power by ordering assaults, poisonings, and instigations to incest.",4.405405,/jBE7n0rJjL9f7BhBMojKVFDhsNI.jpg,"[{'name': 'Renn Productions', 'id': 82}, {'name': 'Eurimages', 'id': 850}, {'name': 'Canal+', 'id': 5358}, {'name': 'ARD/Degeto Film GmbH', 'id': 6187}, {'name': 'D.A. Films', 'id': 6541}, {'name': 'France2 Cinéma', 'id': 7089}, {'name': 'WMG Film', 'id': 8923}, {'name': 'Centre National de la Cinématographie (CNC)', 'id': 18367}, {'name': 'N.E.F. Filmproduktion und Vertriebs GmbH', 'id': 18495}, {'name': 'Miramax', 'id': 53009}, {'name': 'RCS Films & TV', 'id': 75913}]","[{'iso_3166_1': 'FR', 'name': 'France'}, {'iso_3166_1': 'DE', 'name': 'Germany'}, {'iso_3166_1': 'IT', 'name': 'Italy'}]",1994-05-13,0,162.0,"[{'iso_639_1': 'fr', 'name': 'Français'}, {'iso_639_1': 'it', 'name': 'Italiano'}]",Released,,Queen Margot,False,7.0,67
False,,22000000,"[{'id': 18, 'name': 'Drama'}, {'id': 35, 'name': 'Comedy'}]",,161495,tt0114296,sv,Roommates,,3.395867,/hvHNlMvWS2GBt7RR971bJ3k4bJc.jpg,"[{'name': 'Hollywood Pictures', 'id': 915}, {'name': 'Interscope Communications', 'id': 10201}, {'name': 'Nomura Babcock & Brown', 'id': 12883}]","[{'iso_3166_1': 'US', 'name': 'United States of America'}]",1995-03-01,12400000,108.0,"[{'iso_639_1': 'en', 'name': 'English'}]",Released,,Roommates,False,6.4,7
False,"{'id': 131, 'name': 'Three Colors Collection', 'poster_path': '/rVdd23QuT5rHX7lZvuAkRRUkeCZ.jpg', 'backdrop_path': '/AeHExfHIl70SZCea907KfEoSkfJ.jpg'}",0,"[{'id': 18, 'name': 'Drama'}, {'id': 9648, 'name': 'Mystery'}, {'id': 10749, 'name': 'Romance'}]",,110,tt0111495,fr,Trois couleurs : Rouge,Red This is the third film from the trilogy by Kieślowski. “Red” meaning brotherliness. Here Kieślowski masterly tells strange coincidentally linked stories in the most packed work.,7.832755,/77CFEssoKesi4zvtADEpIrSKhA3.jpg,"[{'name': 'Zespół Filmowy TOR', 'id': 38}, {'name': 'Le Studio Canal+', 'id': 183}, {'name': 'France 3 Cinéma', 'id': 591}, {'name': 'Télévision Suisse-Romande', 'id': 1245}]","[{'iso_3166_1': 'FR', 'name': 'France'}, {'iso_3166_1': 'PL', 'name': 'Poland'}, {'iso_3166_1': 'CH', 'name': 'Switzerland'}]",1994-05-27,0,99.0,"[{'iso_639_1': 'fr', 'name': 'Français'}]",Released,,Three Colors: Red,False,7.8,246
False,"{'id': 131, 'name': 'Three Colors Collection', 'poster_path': '/rVdd23QuT5rHX7lZvuAkRRUkeCZ.jpg', 'backdrop_path': '/AeHExfHIl70SZCea907KfEoSkfJ.jpg'}",0,"[{'id': 18, 'name': 'Drama'}, {'id': 10402, 'name': 'Music'}, {'id': 9648, 'name': 'Mystery'}]",,108,tt0108394,fr,Trois couleurs : Bleu,A woman struggles to find a way to live her life after the death of her husband and child.,8.843517,/ztIqf7yGmb4JRFiv2i62K6PhTQR.jpg,"[{'name': 'France 3 Cinéma', 'id': 591}, {'name': 'CED Productions', 'id': 1610}]","[{'iso_3166_1': 'FR', 'name': 'France'}, {'iso_3166_1': 'PL', 'name': 'Poland'}]",1993-01-10,0,98.0,"[{'iso_639_1': 'fr', 'name': 'Français'}, {'iso_639_1': 'pl', 'name': 'Polski'}]",Released,,Three Colors: Blue,False,7.7,311
False,"{'id': 131, 'name': 'Three Colors Collection', 'poster_path': '/rVdd23QuT5rHX7lZvuAkRRUkeCZ.jpg', 'backdrop_path': '/AeHExfHIl70SZCea907KfEoSkfJ.jpg'}",0,"[{'id': 35, 'name': 'Comedy'}, {'id': 18, 'name': 'Drama'}, {'id': 9648, 'name': 'Mystery'}]",,109,tt0111507,fr,Trois couleurs : Blanc,"Polish immigrant Karol Karol finds himself out of a marriage, a job and a country when his French wife, Dominique, divorces him after six months due to his impotence. Forced to leave France after losing the business they jointly owned, Karol enlists fellow Polish expatriate Mikolah to smuggle him back to their homeland.",6.5898,/xOLY69rXKwuH9JUnOE4G2HHKiW5.jpg,"[{'name': 'Le Studio Canal+', 'id': 183}, {'name': 'France 3 Cinéma', 'id': 591}, {'name': 'Eurimages', 'id': 850}]","[{'iso_3166_1': 'FR', 'name': 'France'}, {'iso_3166_1': 'PL', 'name': 'Poland'}]",1994-01-26,0,91.0,"[{'iso_639_1': 'fr', 'name': 'Français'}, {'iso_639_1': 'hu', 'name': 'Magyar'}, {'iso_639_1': 'pl', 'name': 'Polski'}]",Released,,Three Colors: White,False,7.3,218
False,,0,"[{'id': 18, 'name': 'Drama'}]",,159185,tt0110769,zh,Pao Da Shuang Deng,"A woman inherits her father's fireworks factory, as he had no son. The business does well and everything works in an orderly fashion until one day, an itinerant painter is hired to decorate the doors and vases at the factory. The woman, forbidden to marry and thereby involve outsiders in the factory ownership, finds herself drawn to the headstrong painter. When they fall in love, the situation throws her entire life into disarray",0.078257,/gM516lPBoHPYjgrLrmZKoNfNm6X.jpg,[],"[{'iso_3166_1': 'CN', 'name': 'China'}, {'iso_3166_1': 'HK', 'name': 'Hong Kong'}]",1994-10-14,0,111.0,"[{'iso_639_1': 'zh', 'name': '普通话'}]",Released,,"Red Firecracker, Green Firecracker",False,7.0,2
False,,0,"[{'id': 35, 'name': 'Comedy'}, {'id': 18, 'name': 'Drama'}]",,12527,tt0106966,es,Fresa y chocolate,"Havana, Cuba, 1979. Flamboyantly gay artist Diego (Jorge Perugorría) attempts to seduce the straight and strait-laced David, an idealistic young communist, and fails dismally. But David conspires to become friends with Diego so he can monitor the artist's subversive life for the state. As Diego and David discuss politics, individuality and personal expression in Castro's Cuba, a genuine friendship develops between the two. But can it last? Strawberry and Chocolate became an instant hit when it was released, and has become a classic of Cuban cinema due to its charming and authentic exploration of a connection between two people under historical circumstances that seem levelled against them.",1.777197,/7NdKNNrONwbmCOJgTO4wYjWzQyW.jpg,"[{'name': 'Miramax Films', 'id': 14}, {'name': 'Tabasco films', 'id': 6647}, {'name': 'Instituto Mexicano de Cinematografía (IMCINE)', 'id': 8861}, {'name': 'TeleMadrid', 'id': 10015}]","[{'iso_3166_1': 'CU', 'name': 'Cuba'}, {'iso_3166_1': 'ES', 'name': 'Spain'}]",1993-01-01,0,108.0,"[{'iso_639_1': 'es', 'name': 'Español'}]",Released,,Strawberry and Chocolate,False,7.1,16
False,,0,"[{'id': 18, 'name': 'Drama'}, {'id': 10749, 'name': 'Romance'}, {'id': 10752, 'name': 'War'}]",,31439,tt0110081,zh,活着,Fugui and Jiazhen endure tumultuous events in China as their personal fortunes move from wealthy landownership to peasantry.,5.260627,/kKZYobKNLPGoOt7p2pfTRggelgP.jpg,"[{'name': 'Shanghai Film Studios', 'id': 1078}, {'name': 'Era International Ltd', 'id': 25299}]","[{'iso_3166_1': 'CN', 'name': 'China'}, {'iso_3166_1': 'HK', 'name': 'Hong Kong'}]",1994-06-30,0,125.0,"[{'iso_639_1': 'zh', 'name': '普通话'}]",Released,,To Live,False,7.7,62
False,,0,"[{'id': 18, 'name': 'Drama'}]",,41580,tt0109454,fr,Le colonel Chabert,"Colonel Chabert has been severely wounded in the French-Russian Napoleonic war to the point that the medical examiner has signed his death certificate. When he regains his health and memory, he goes back to Paris, where his ""widow"", Anne has married the Count Ferraud and is financing his rise to power using Chabert's money. Chabert hires a lawyer to help him get back his money and his honor.",0.934312,/rzfli2FuCuE2n3b5FNQ6RmJCMEl.jpg,[],"[{'iso_3166_1': 'FR', 'name': 'France'}]",1994-01-01,0,110.0,"[{'iso_639_1': 'fr', 'name': 'Français'}]",Released,,Colonel Chabert,False,5.9,9
False,,0,"[{'id': 18, 'name': 'Drama'}]",,10997,tt0106332,zh,霸王别姬,"Abandoned by his prostitute mother in 1920, Douzi was raised by a theater troupe. There he meets Shitou and over the following years the two develop an act entitled, ""Farewell My Concubine,"" that brings them fame and fortune. When Shitou marries Juxian, Doutzi becomes jealous, the beginnings of the acting duo's explosive breakup and tragic fall take root.",4.875827,/iQ7qq1MStTg5G7ID7vxW2rwfsdW.jpg,"[{'name': 'Beijing Film Studio', 'id': 708}, {'name': 'China Film Co-Production Corporation', 'id': 2269}, {'name': 'Maverick Picture Company', 'id': 36863}]","[{'iso_3166_1': 'CN', 'name': 'China'}, {'iso_3166_1': 'HK', 'name': 'Hong Kong'}]",1993-09-16,0,171.0,"[{'iso_639_1': 'zh', 'name': '普通话'}]",Released,,Farewell My Concubine,False,7.8,98
False,,0,"[{'id': 18, 'name': 'Drama'}, {'id': 10749, 'name': 'Romance'}]",,5879,tt0074102,ja,愛のコリーダ,"Based on a true story set in pre-war Japan, a man and one of his servants begin a torrid affair. Their desire becomes a sexual obsession so strong that to intensify their ardor, they forsake all, even life itself.",8.932494,/ztLv3Co2uLZMV7YERWbPrTMUi03.jpg,"[{'name': 'Argos Films', 'id': 6116}, {'name': 'Oshima Productions', 'id': 13139}, {'name': 'Shibata Organisation', 'id': 14668}]","[{'iso_3166_1': 'JP', 'name': 'Japan'}]",1976-05-15,0,105.0,"[{'iso_639_1': 'ja', 'name': '日本語'}]",Released,,In the Realm of the Senses,False,6.5,112
False,,0,"[{'id': 18, 'name': 'Drama'}]",,41878,tt0105032,fr,Les Nuits Fauves,"Jean is young, gay, and promiscuous. Only after he meets one or two women, including Laura does he come to realize his bisexuality. Jean has to overcome a personal crisis and a tough choice between Laura and his male lover Samy.",1.031556,/i9Yg2QH13DfezpKVvdrl0Olpe9V.jpg,"[{'name': 'Société Nouvelle de Cinématographie', 'id': 249}, {'name': 'La Sept Cinéma', 'id': 16366}]","[{'iso_3166_1': 'FR', 'name': 'France'}, {'iso_3166_1': 'IT', 'name': 'Italy'}]",1992-08-19,0,126.0,"[{'iso_639_1': 'fr', 'name': 'Français'}, {'iso_639_1': 'de', 'name': 'Deutsch'}, {'iso_639_1': 'es', 'name': 'Español'}]",Released,,Savage Nights,False,6.2,11
False,,0,"[{'id': 18, 'name': 'Drama'}]",,41653,tt0107349,sv,Kådisbellan,"Stocholm in the 1920s. Young Roland lives with his socialist father, Jewish mother and a boxing brother. His mother sells condoms illegally, and from them, Roland makes slingshots which he sells. His rebellious ways has gotten him the special attention of his school teacher, who always makes sure that Roland is punished. Roland also tries to make extra money by repairing bicycles, a successful business that in the end lands him in hot water.",1.764582,/2ghEU2JcFqHGTNr9h7p17eC3zPA.jpg,"[{'name': 'SVT Drama', 'id': 157}, {'name': 'Nordisk Film', 'id': 235}, {'name': 'Svensk Filmindustri (SF)', 'id': 6181}, {'name': 'Svenska Filminstitutet (SFI)', 'id': 7446}]","[{'iso_3166_1': 'DK', 'name': 'Denmark'}, {'iso_3166_1': 'SE', 'name': 'Sweden'}]",1993-09-24,0,102.0,"[{'iso_639_1': 'sv', 'name': 'svenska'}]",Released,"If growing up were easy, everybody would do it.",The Slingshot,False,6.2,10
False,,0,"[{'id': 53, 'name': 'Thriller'}, {'id': 80, 'name': 'Crime'}, {'id': 18, 'name': 'Drama'}]",,68806,tt0108059,it,La scorta,"The film shows the difficulties of an honest, imperiled judge and his bodyguard of four men, trying to clean up a Sicilian town. Corrupt local politicians, working hand-in-hand with the Mafia, will stop at nothing to prevent exposure of their rackets.",0.046196,/6yZoADfO79h6LhBoHgDEDySg4vH.jpg,[],"[{'iso_3166_1': 'IT', 'name': 'Italy'}]",1993-01-01,0,92.0,"[{'iso_639_1': 'it', 'name': 'Italiano'}]",Released,,The Escort,False,5.0,5
False,,0,"[{'id': 35, 'name': 'Comedy'}, {'id': 18, 'name': 'Drama'}]",,25403,tt0109382,it,Caro diario,Writer/director/actor Nanni Moretti offers a three-part film diary which takes a sharply satiric look at Italian life.,2.904734,/gdBqvbeQB9yRLEJu0L6fogR455Z.jpg,"[{'name': 'Sacher Film', 'id': 9364}, {'name': 'La Sept Cinéma', 'id': 16366}, {'name': 'Banfilm', 'id': 20769}]","[{'iso_3166_1': 'IT', 'name': 'Italy'}, {'iso_3166_1': 'FR', 'name': 'France'}]",1993-10-12,0,100.0,"[{'iso_639_1': 'ar', 'name': 'العربية'}, {'iso_639_1': 'en', 'name': 'English'}, {'iso_639_1': 'it', 'name': 'Italiano'}, {'iso_639_1': 'zh', 'name': '普通话'}]",Released,,Dear Diary,False,6.9,46
False,,0,"[{'id': 35, 'name': 'Comedy'}, {'id': 18, 'name': 'Drama'}, {'id': 14, 'name': 'Fantasy'}]",,41043,tt0110719,ru,Окно в Париж,"Nikolai (played by Sergei Dontsov) has been fired from his job as a music teacher and has to live in the gym until he finds a place to stay. Finally, he gets a communal room in the apartment of Gorokhov (Victor Mikhalkov). The room's previous inhabitant, an old lady, has died a year ago, and yet her cat, Maxi, is still in the locked room, healthy and fat. Soon, Nikolai and his neighbours discover the mystery: there is a window to Paris in the room. That's when the comedy begins - will the Russians be able to cope with the temptation to profit from the discovery?",0.345748,/m91eOM6qDDVrUkBjuWHeZsPBOPD.jpg,"[{'name': 'Sodaperaga Productions', 'id': 7399}, {'name': 'La Sept Cinéma', 'id': 23647}, {'name': 'Fontaine Sarl', 'id': 38963}]","[{'iso_3166_1': 'FR', 'name': 'France'}, {'iso_3166_1': 'RU', 'name': 'Russia'}]",1993-12-01,0,87.0,"[{'iso_639_1': 'fr', 'name': 'Français'}, {'iso_639_1': 'ru', 'name': 'Pусский'}]",Released,,Window to Paris,False,6.0,6
False,,0,"[{'id': 35, 'name': 'Comedy'}, {'id': 10769, 'name': 'Foreign'}]",,51242,tt0070506,it,Pane e cioccolata,Italian immigrant tries to become a member of Swiss society but fails as a waiter and even as a chicken plucker. He then becomes involved with shady wealthy character and tries to hide his Italian identity. He refuses to give up no matter how awful his situation.,1.306628,/avYBMsT8qj3A5xR68WAMvR5bLL6.jpg,[],"[{'iso_3166_1': 'IT', 'name': 'Italy'}]",1974-05-05,0,100.0,"[{'iso_639_1': 'it', 'name': 'Italiano'}]",Released,You'll Laugh Till Your Heart Breaks,Bread and Chocolate,False,7.1,10
False,,0,"[{'id': 18, 'name': 'Drama'}, {'id': 10749, 'name': 'Romance'}]",,4307,tt0113083,es,La flor de mi secreto,"Marisa Paredes is Leocadia (""Leo"") Macias, a woman writing “pink” romance novels under the alias of Amanda Gris that are very popular all across Spain. Unlike her romantic novels, her own love life is troubled. Leo has a less than happy relationship with her husband Paco, a military officer stationed in Brussels then later in Bosnia, who is distant both physically and emotionally.",2.286788,/ssWPuAaSbIwWczkKAfvk2hTAVoX.jpg,"[{'name': 'El Deseo', 'id': 49}, {'name': 'Ciby 2000', 'id': 105}]","[{'iso_3166_1': 'ES', 'name': 'Spain'}]",1995-09-22,0,107.0,"[{'iso_639_1': 'es', 'name': 'Español'}]",Released,Every woman has a secret...,The Flower of My Secret,False,6.9,43
False,,0,"[{'id': 12, 'name': 'Adventure'}, {'id': 18, 'name': 'Drama'}, {'id': 99, 'name': 'Documentary'}]",,88893,tt0102855,de,Schrei aus Stein,"A meeting of two world famous climbers, one an experienced mountaineer the other a sport climber, and a journalist (Ivan) results in a bet on which of the two is the best climber. Roger (the mountaineering expert) states that Martin (the sport climber) wouldn't survive a day on a 'real' climbing expedition, although he is considered to be the world's best sport climber (having just won an indoor 'world championship,' an event depicted in the opening scene). They plan to climb 'Cerro Torre,' in the Patagonia region of South America, near the Argentinian/Chilean border, one of the world's most difficult mountains, especially considering the extreme weather conditions common to the area.",0.736081,/459MeLTQMF9hlNvaHbUuBPIo5I6.jpg,[],[],1991-01-01,0,105.0,"[{'iso_639_1': 'it', 'name': 'Italiano'}, {'iso_639_1': 'en', 'name': 'English'}]",Released,"In this battle, there can be no winners",Scream of Stone,False,7.5,4
False,,0,"[{'id': 18, 'name': 'Drama'}]",,52873,tt0107471,fr,Ma saison préférée,"Old woman Berthe leaves her house to live in her daugter Emilie's one. Emilie and her brother Antoine have fallen out three years ago and have not seen each other since, but Emilie invites him for Christmas. Memories will come up, and will be depicted both Berthe's destiny and the strange relationship between Emilie and Antoine.",0.516924,/hmb9Iu6jzvV8jrIz4z73ZRWP91s.jpg,"[{'name': 'TF1 Films Productions', 'id': 356}, {'name': 'Les Films Alain Sarde', 'id': 635}]","[{'iso_3166_1': 'FR', 'name': 'France'}]",1993-05-14,0,127.0,"[{'iso_639_1': 'fr', 'name': 'Français'}]",Released,,My Favorite Season,False,6.4,4
False,,0,"[{'id': 12, 'name': 'Adventure'}, {'id': 18, 'name': 'Drama'}, {'id': 35, 'name': 'Comedy'}, {'id': 10751, 'name': 'Family'}]",,11479,tt0111543,fr,Un indien dans la ville,"Stephen, an international trader, tracks down his ex-wife Patricia in some Amazonian backwater. He needs her consent to a divorce so that he can marry Charlotte. Unfortunately, he discovers a son he didn’t know he had – Mimi-Siku. The young jungle boy yearns to see Paris so Stephen reluctantly agrees to take him back home with him for a few days. How will Mimi-Siku react to life in the great metropolis?",4.728163,/y6gnqDDPPtGZomkkqWVc4wWM7wX.jpg,"[{'name': 'Procirep', 'id': 311}, {'name': 'TF1 Films Production', 'id': 3823}, {'name': 'Canal+', 'id': 5358}, {'name': 'Touchstone Pictures', 'id': 9195}, {'name': 'Ice Films', 'id': 14191}]","[{'iso_3166_1': 'FR', 'name': 'France'}]",1994-12-14,0,90.0,"[{'iso_639_1': 'fr', 'name': 'Français'}]",Released,"The city is a jungle. Some are just better prepared for it, than others.","Little Indian, Big City",False,6.0,145
False,,0,"[{'id': 10749, 'name': 'Romance'}, {'id': 18, 'name': 'Drama'}]",,398959,tt0117517,de,Roula - Dunkle Geheimnisse,"Troubled Roula finds herself drawn to Leon, an author of children's books who has suffered an enormous emotional and creative blockage ever since his wife died in a motorcycle accident two years before. Leon has only his 12-year-old daughter Tanja to keep him company. As romance blooms between Leon and Roula, his daughter approves. Unfortunately, Roula is carrying heavy emotional baggage stemming from the incest she suffered at the hands of her father.",0.149157,/7vlYt3ekwqi8zD6zZp6YatixdQN.jpg,"[{'name': 'Roxy Film', 'id': 101}, {'name': 'Made in Munich Filmproduktion', 'id': 80481}]","[{'iso_3166_1': 'DE', 'name': 'Germany'}]",1995-09-11,0,97.0,"[{'iso_639_1': 'de', 'name': 'Deutsch'}]",Released,,Roula,False,5.0,1
False,,0,"[{'id': 35, 'name': 'Comedy'}]",,287305,tt0117312,de,Peanuts – Die Bank zahlt alles,,0.066123,/wpk30SvRHmjC2plgKHZXxG0FlKd.jpg,"[{'name': 'Westdeutscher Rundfunk (WDR)', 'id': 7025}]","[{'iso_3166_1': 'DE', 'name': 'Germany'}]",1996-03-21,0,,[],Released,,Peanuts – Die Bank zahlt alles,False,4.0,1
False,,0,"[{'id': 35, 'name': 'Comedy'}]",,339428,tt0116485,de,Happy Weekend,,0.002229,,"[{'name': 'Senator Film Produktion', 'id': 191}]","[{'iso_3166_1': 'DE', 'name': 'Germany'}]",1996-03-14,65335,,"[{'iso_639_1': 'de', 'name': 'Deutsch'}]",Released,,Happy Weekend,False,0.0,0
False,,0,"[{'id': 18, 'name': 'Drama'}, {'id': 10749, 'name': 'Romance'}]",,12652,tt0113947,fr,Nelly & Monsieur Arnaud,"Nelly leaves her lazy, unemployed husband to work for retired judge Mr Arnaud, forty years her senior, after he offers to clear her bills for her. While she types his memoirs the two develop a close friendship, but Arnaud becomes jealous when Nelly begins dating his good-looking young publisher.",1.784647,/vtQl8XRlR0YRAHSZvBweMeePrVu.jpg,[],"[{'iso_3166_1': 'DE', 'name': 'Germany'}, {'iso_3166_1': 'FR', 'name': 'France'}, {'iso_3166_1': 'IT', 'name': 'Italy'}]",1996-04-12,0,106.0,"[{'iso_639_1': 'fr', 'name': 'Français'}]",Released,,Nelly and Monsieur Arnaud,False,7.1,16
False,,0,"[{'id': 18, 'name': 'Drama'}, {'id': 35, 'name': 'Comedy'}]",,68445,tt0109028,de,Á köldum klaka,A Japanese businessman travels to Iceland and has a series of misadventures while venturing to a remote area to perform a traditional burial ritual where his parents died several years back.,0.494977,/4aytLuIicECojFIJCqaLk1fj1rf.jpg,"[{'name': 'Icicle', 'id': 7325}, {'name': 'Film Fonds', 'id': 7326}, {'name': 'Pandora Filmproduktion (', 'id': 7327}]","[{'iso_3166_1': 'IS', 'name': 'Iceland'}, {'iso_3166_1': 'DK', 'name': 'Denmark'}, {'iso_3166_1': 'DE', 'name': 'Germany'}, {'iso_3166_1': 'JP', 'name': 'Japan'}, {'iso_3166_1': 'US', 'name': 'United States of America'}]",1995-02-10,0,85.0,"[{'iso_639_1': 'de', 'name': 'Deutsch'}, {'iso_639_1': 'is', 'name': 'Íslenska'}, {'iso_639_1': 'ja', 'name': '日本語'}, {'iso_639_1': 'en', 'name': 'English'}]",Released,,Cold Fever,False,7.7,6
